Rank,Beer,Brewery,Style,ABV,Rating,Ratings,Reviews
1,Good Morning,Tree House Brewing Company,American Double / Imperial Stout,8.40%,4.72,1002,70
2,Kentucky Brunch Brand Stout,Toppling Goliath Brewing Company,American Double / Imperial Stout,12.00%,4.7,529,183
3,King Julius,Tree House Brewing Company,American Double / Imperial IPA,8.30%,4.67,704,27
4,Pliny The Younger,Russian River Brewing Company,American Double / Imperial IPA,10.25%,4.66,2978,185
5,Mornin' Delight,Toppling Goliath Brewing Company,American Double / Imperial Stout,12.00%,4.66,1010,55
6,Very Hazy,Tree House Brewing Company,American Double / Imperial IPA,8.60%,4.66,499,172
7,Heady Topper,The Alchemist,American Double / Imperial IPA,8.00%,4.66,12881,63
8,Hunahpu's Imperial Stout - Double Barrel Aged,Cigar City Brewing,American Double / Imperial Stout,11.00%,4.66,1325,27
9,King JJJuliusss,Tree House Brewing Company,American Double / Imperial IPA,8.40%,4.64,354,162
10,Dinner,Maine Beer Company,American Double / Imperial IPA,8.20%,4.63,1854,76
11,Marshmallow Handjee (Bourbon Barrel Aged Vanilla Bean Dark Lord),Three Floyds Brewing Company,Russian Imperial Stout,15.00%,4.63,1439,95
12,Julius,Tree House Brewing Company,American IPA,6.80%,4.62,3174,136
13,Founders CBS Imperial Stout,Founders Brewing Company,American Double / Imperial Stout,10.60%,4.62,4256,189
14,Juice Machine,Tree House Brewing Company,American Double / Imperial IPA,8.20%,4.61,501,190
15,Trappist Westvleteren 12 (XII),Brouwerij Westvleteren (Sint-Sixtusabdij van Westvleteren),Quadrupel (Quad),10.20%,4.61,6157,12
16,Pliny The Elder,Russian River Brewing Company,American Double / Imperial IPA,8.00%,4.6,14096,98
17,Barrel-Aged Abraxas,Perennial Artisan Ales,American Double / Imperial Stout,11.00%,4.6,1247,22
18,Fundamental Observation,Bottle Logic Brewing,American Double / Imperial Stout,14.30%,4.59,676,31
19,Very Green,Tree House Brewing Company,American Double / Imperial IPA,8.60%,4.59,468,158
20,King Sue,Toppling Goliath Brewing Company,American Double / Imperial IPA,8.00%,4.58,1611,60
21,Bourbon County Brand Coffee Stout,Goose Island Beer Company,American Double / Imperial Stout,13.40%,4.57,6878,3
22,JJJuliusss,Tree House Brewing Company,American IPA,6.80%,4.57,331,142
23,Morning Wood,Funky Buddha Brewery,American Porter,12.00%,4.57,547,179
24,Focal Banger,The Alchemist,American IPA,7.00%,4.56,2607,101
25,Abner,Hill Farmstead Brewery,American Double / Imperial IPA,8.20%,4.56,2515,115
26,Founders KBS (Kentucky Breakfast Stout),Founders Brewing Company,American Double / Imperial Stout,12.40%,4.56,11991,96
27,AleSmith Speedway Stout - Vietnamese Coffee (Bourbon Barrel Aged),AleSmith Brewing Company,American Double / Imperial Stout,12.00%,4.56,586,156
28,Sip Of Sunshine,Lawson's Finest Liquids,American Double / Imperial IPA,8.00%,4.55,4279,137
29,Green,Tree House Brewing Company,American IPA,7.60%,4.55,2011,91
30,Citra,Kern River Brewing Company,American Double / Imperial IPA,8.00%,4.55,1671,118
31,Ann,Hill Farmstead Brewery,Saison / Farmhouse Ale,6.50%,4.55,333,168
32,Double Dry Hopped Congress Street,Trillium Brewing Company,American IPA,7.20%,4.54,883,16
33,Doppelganger,Tree House Brewing Company,American Double / Imperial IPA,8.20%,4.54,807,21
34,Double Sunshine IPA,Lawson's Finest Liquids,American Double / Imperial IPA,8.00%,4.54,2105,108
35,Alter Ego,Tree House Brewing Company,American IPA,6.80%,4.53,1566,76
36,Triple Sunshine IPA,Lawson's Finest Liquids,American Double / Imperial IPA,10.50%,4.53,571,142
37,Parabola,Firestone Walker Brewing Company,Russian Imperial Stout,14.00%,4.53,6226,4
38,Zombie Dust,Three Floyds Brewing Company,American Pale Ale (APA),6.20%,4.52,9785,8
39,Double Galaxy,Hill Farmstead Brewery,American Double / Imperial IPA,8.00%,4.52,1287,71
40,Resolute - Coconut,Brothers Craft Brewing,American Double / Imperial Stout,13.50%,4.52,181,134
41,Cantillon Fou' Foune,Brasserie Cantillon,Lambic - Fruit,5.00%,4.52,2781,139
42,Society & Solitude #4,Hill Farmstead Brewery,American Double / Imperial IPA,8.00%,4.51,1067,36
43,Master Of Karate,Aslin Beer Company,American Double / Imperial IPA,8.40%,4.51,160,138
44,Headroom,Trillium Brewing Company,American Double / Imperial IPA,8.00%,4.51,408,155
45,Haze,Tree House Brewing Company,American Double / Imperial IPA,8.20%,4.51,1699,80
46,Sunday Brunch,Kane Brewing Company,American Porter,9.20%,4.5,456,138
47,Swish,Bissell Brothers Brewing Company,American Double / Imperial IPA,8.00%,4.5,947,33
48,Duck Duck Gooze,The Lost Abbey,Gueuze,7.00%,4.5,1704,88
49,Hunahpu's Imperial Stout,Cigar City Brewing,American Double / Imperial Stout,11.00%,4.5,3986,166
50,In Perpetuity,Tree House Brewing Company,American IPA,6.70%,4.5,441,174
51,Bourbon County Brand Stout,Goose Island Beer Company,American Double / Imperial Stout,13.80%,4.5,11894,68
52,Fuzzy,Side Project Brewing,American Wild Ale,8.00%,4.5,674,163
53,Snowed In - Bourbon Barrel Aged,Funky Buddha Brewery,American Double / Imperial Stout,11.00%,4.5,274,122
54,Supplication,Russian River Brewing Company,American Wild Ale,7.00%,4.49,6193,7
55,Double Citra,Hill Farmstead Brewery,American Double / Imperial IPA,8.00%,4.49,1694,71
56,Galaxy Dry Hopped Fort Point Pale Ale,Trillium Brewing Company,American Pale Ale (APA),6.60%,4.49,1386,43
57,Double Shot,Tree House Brewing Company,American Stout,7.60%,4.49,776,164
58,Assassin Imperial Stout,Toppling Goliath Brewing Company,American Double / Imperial Stout,12.00%,4.49,1053,184
59,Cantillon Bl†b‘r Lambik,Brasserie Cantillon,Lambic - Fruit,5.00%,4.49,764,83
60,Bell's Black Note Stout,"Bell's Brewery, Inc.",American Double / Imperial Stout,11.40%,4.49,4024,151
61,PseudoSue,Toppling Goliath Brewing Company,American Pale Ale (APA),5.80%,4.49,3972,146
62,Double Dry Hopped Fort Point Pale Ale,Trillium Brewing Company,American Pale Ale (APA),6.60%,4.48,1095,20
63,Atrial Rubicite,Jester King Brewery,American Wild Ale,5.80%,4.48,1657,42
64,Kuhnhenn Bourbon Barrel Fourth Dementia,Kuhnhenn Brewing Company,Old Ale,13.50%,4.48,1879,121
65,Bourbon Barrel Aged Dark Lord Imperial Stout,Three Floyds Brewing Company,Russian Imperial Stout,15.00%,4.48,799,61
66,Bourbon Barrel Aged Abominable: Coffee And Cinnamon,Fremont Brewing Company,American Strong Ale,14.00%,4.48,713,184
67,Grande Negro Voodoo Papi - Bourbon Barrel Aged,Voodoo Brewing Company,American Double / Imperial Stout,12.50%,4.48,232,126
68,Cutting Tiles,Trillium Brewing Company,American Double / Imperial IPA,8.50%,4.48,982,37
69,The Abyss,Deschutes Brewery,American Double / Imperial Stout,12.20%,4.48,6843,13
70,Scaled Way Up,Trillium Brewing Company,American Double / Imperial IPA,8.00%,4.47,325,135
71,BOMB!,Prairie Artisan Ales,American Double / Imperial Stout,13.00%,4.47,5605,175
72,Trappist Westvleteren 8 (VIII),Brouwerij Westvleteren (Sint-Sixtusabdij van Westvleteren),Dubbel,8.00%,4.47,2093,170
73,Notorious Triple IPA,Boneyard Beer Company,American Double / Imperial IPA,12.00%,4.47,712,182
74,Drie Fonteinen Zenne Y Frontera,Brouwerij Drie Fonteinen,Lambic - Unblended,7.00%,4.47,116,100
75,Ephraim,Hill Farmstead Brewery,American Double / Imperial IPA,10.00%,4.47,1008,80
76,Founders Breakfast Stout,Founders Brewing Company,American Double / Imperial Stout,8.30%,4.47,16166,99
77,Trappistes Rochefort 10,Brasserie de Rochefort,Quadrupel (Quad),11.30%,4.47,9038,67
78,Bourbon County Brand Barleywine Ale,Goose Island Beer Company,English Barleywine,12.10%,4.47,4941,143
79,BDCS,Ozark Beer Company,American Double / Imperial Stout,10.20%,4.47,301,142
80,Dark Horse Bourbon Barrel Aged Plead The 5th,Dark Horse Brewing Company,Russian Imperial Stout,12.00%,4.46,3045,125
81,Abrasive Ale,Surly Brewing Company,American Double / Imperial IPA,9.00%,4.46,4434,186
82,Cantillon Lou Pepe - Kriek,Brasserie Cantillon,Lambic - Fruit,5.00%,4.46,1686,113
83,Todd The Axe Man,Surly Brewing Company,American IPA,7.20%,4.46,2105,111
84,Black Tuesday,The Bruery,American Double / Imperial Stout,19.20%,4.46,3759,157
85,Evil Twin Double Barrel Jesus,Evil Twin Brewing,American Double / Imperial Stout,12.00%,4.46,579,161
86,Cable Car,The Lost Abbey,American Wild Ale,7.00%,4.46,958,78
87,Beatification,Russian River Brewing Company,American Wild Ale,5.50%,4.46,2581,145
88,Wide Awake It's Morning,Funky Buddha Brewery,American Double / Imperial Stout,10.00%,4.46,616,20
89,Fuzzy Baby Ducks IPA,New England Brewing Company,American IPA,6.20%,4.46,724,174
90,Society & Solitude #5,Hill Farmstead Brewery,American Double / Imperial IPA,8.10%,4.46,1353,45
91,Crusher,The Alchemist,American Double / Imperial IPA,9.60%,4.45,1351,41
92,Prairie Pirate Bomb!,Prairie Artisan Ales,American Double / Imperial Stout,14.00%,4.45,1866,62
93,Parabajava,Firestone Walker Brewing Company,Russian Imperial Stout,14.00%,4.45,575,163
94,The Rusty Nail,Fremont Brewing Company,American Double / Imperial Stout,13.20%,4.45,158,109
95,?ucaba,Firestone Walker Brewing Company,English Barleywine,12.50%,4.45,4917,178
96,Susan,Hill Farmstead Brewery,American IPA,6.20%,4.45,1742,58
97,Everett Porter,Hill Farmstead Brewery,American Porter,7.50%,4.45,2561,117
98,Fort Point Pale Ale,Trillium Brewing Company,American Pale Ale (APA),6.60%,4.45,1732,56
99,CaffŠ Americano,Cigar City Brewing,American Double / Imperial Stout,11.00%,4.45,939,25
100,Drie Fonteinen Oude Geuze Golden Blend,Brouwerij Drie Fonteinen,Gueuze,7.50%,4.45,994,53
101,AleSmith Speedway Stout - Bourbon Barrel Aged,AleSmith Brewing Company,American Double / Imperial Stout,12.00%,4.45,2050,110
102,Congress Street IPA,Trillium Brewing Company,American IPA,7.20%,4.45,1815,74
103,Drie Fonteinen Oude Geuze Vintage,Brouwerij Drie Fonteinen,Gueuze,6.00%,4.44,696,28
104,No Rules,Perrin Brewery,American Porter,15.00%,4.44,915,56
105,Mosaic Dry Hopped Fort Point,Trillium Brewing Company,American Pale Ale (APA),6.60%,4.44,887,14
106,Double Dry Hopped PseudoSue (Citra),Toppling Goliath Brewing Company,American Pale Ale (APA),5.80%,4.44,214,122
107,Sosus,Toppling Goliath Brewing Company,American Double / Imperial IPA,8.00%,4.44,1237,36
108,Keene Idea,Alpine Beer Company,American Double / Imperial IPA,8.88%,4.44,445,153
109,Beer Geek Vanilla Shake (Bourbon Edition),Mikkeller ApS,American Double / Imperial Stout,13.00%,4.44,287,126
110,Adam From The Wood,Hair of the Dog Brewing Company / Brewery and Tasting Room,Old Ale,12.00%,4.44,939,49
111,Hopslam Ale,"Bell's Brewery, Inc.",American Double / Imperial IPA,10.00%,4.44,12640,97
112,Permanent Funeral,Three Floyds Brewing Company,American Double / Imperial IPA,10.50%,4.44,2772,103
113,Decoherence,Cigar City Brewing,American Double / Imperial Stout,12.90%,4.43,157,87
114,Brew 1000 - Bourbon Barrel Aged,Fremont Brewing Company,English Barleywine,13.10%,4.43,157,105
115,Bourbon Barrel Champion Ground,Jackie O's Pub & Brewery,American Double / Imperial Stout,11.00%,4.43,380,162
116,Imperial Biscotti Break Bourbon Barrel Aged,Evil Twin Brewing,American Double / Imperial Stout,11.50%,4.43,1535,34
117,Imperial Russian Stout - Bourbon Barrel Aged,Stone Brewing,Russian Imperial Stout,13.50%,4.43,1134,48
118,Upper Case,Trillium Brewing Company,American Double / Imperial IPA,9.00%,4.43,758,188
119,Nectarine Premiere,de Garde Brewing,Saison / Farmhouse Ale,7.10%,4.43,180,85
120,A Deal With The Devil,Anchorage Brewing Company,American Barleywine,17.30%,4.43,945,29
121,Barrel Aged Bomb!,Prairie Artisan Ales,American Double / Imperial Stout,11.20%,4.42,920,40
122,Heavy Mettle,Trillium Brewing Company,American Double / Imperial IPA,9.30%,4.42,764,169
123,The Broken Truck,de Garde Brewing,Gueuze,5.00%,4.42,136,79
124,Columbus Bodhi DIPA,Columbus Brewing Company,American Double / Imperial IPA,8.50%,4.42,1398,59
125,Stickee Monkee,Firestone Walker Brewing Company,Quadrupel (Quad),12.00%,4.42,2294,84
126,Bourbon Barrel Aged Dark Star Oatmeal Stout,Fremont Brewing Company,Oatmeal Stout,14.50%,4.42,404,147
127,Maple Bacon Coffee Porter,Funky Buddha Brewery,American Porter,6.40%,4.42,1689,81
128,Last Snow,Funky Buddha Brewery,American Porter,6.40%,4.42,1664,77
129,Miami Madness,J. Wakefield Brewing,Berliner Weissbier,3.50%,4.42,275,124
130,St. Bernardus Abt 12,Brouwerij St. Bernardus NV,Quadrupel (Quad),10.00%,4.42,9290,66
131,Imperial Eclipse Stout - Elijah Craig (12 Year),FiftyFifty Brewing Company,American Double / Imperial Stout,11.90%,4.42,1842,94
132,Cantillon Lou Pepe - Framboise,Brasserie Cantillon,Lambic - Fruit,5.00%,4.42,1244,93
133,Peg's G.O.O.D. RareR D.O.S.,Peg's Cantina & Brew Pub,American Double / Imperial Stout,10.00%,4.42,725,18
134,Drie Fonteinen Framboos,Brouwerij Drie Fonteinen,Lambic - Fruit,5.00%,4.42,633,17
135,Cantillon Saint Lamvinus,Brasserie Cantillon,Lambic - Fruit,5.00%,4.42,2005,133
136,Trademark Dispute: Hazelnut,Peg's Cantina & Brew Pub,American Double / Imperial Stout,Imperial,4.42,124,75
137,Afterimage,Grimm Artisanal Ales,American Double / Imperial IPA,8.00%,4.41,425,167
138,Temptation,Russian River Brewing Company,American Wild Ale,7.50%,4.41,3615,1
139,Juicy,Hill Farmstead Brewery,Saison / Farmhouse Ale,7.40%,4.41,455,165
140,Prairie Apple Brandy Noir,Prairie Artisan Ales,American Double / Imperial Stout,12.00%,4.41,1377,54
141,Darkness,Surly Brewing Company,Russian Imperial Stout,10.30%,4.41,3686,177
142,Hop JuJu Imperial IPA,Fat Head's Brewery & Saloon,American Double / Imperial IPA,9.00%,4.41,1965,82
143,Chocolate Rain,The Bruery,American Double / Imperial Stout,18.50%,4.41,2583,107
144,Ten Fidy Bourbon Barrel Aged,Oskar Blues Grill & Brew,Russian Imperial Stout,12.90%,4.41,459,150
145,Triple Shot,Tree House Brewing Company,American Double / Imperial Stout,9.00%,4.41,254,100
146,Bad Boy,Alpine Beer Company,American Double / Imperial IPA,9.00%,4.41,549,30
147,Abraxas,Perennial Artisan Ales,American Double / Imperial Stout,10.00%,4.41,2314,90
148,Dragon Fruit Passion Fruit Berliner,J. Wakefield Brewing,Berliner Weissbier,3.50%,4.41,282,126
149,Citraquench'l,Heist Brewery,American IPA,6.70%,4.41,90,85
150,Mother Of All Storms,Pelican Pub & Brewery,English Barleywine,14.00%,4.41,1901,129
151,Orange Starfish,Aslin Beer Company,American IPA,5.70%,4.41,122,87
152,Coriolis,New England Brewing Company,American Double / Imperial IPA,8.20%,4.41,530,153
153,Oro Negro,Jackie O's Pub & Brewery,American Double / Imperial Stout,10.00%,4.4,610,15
154,Saison Bernice,Sante Adairius Rustic Ales,Saison / Farmhouse Ale,6.50%,4.4,823,165
155,Consecration,Russian River Brewing Company,American Wild Ale,10.00%,4.4,5170,2
156,Born Yesterday Pale Ale,Lagunitas Brewing Company,American Pale Ale (APA),7.00%,4.4,2156,123
157,Second Fiddle,Fiddlehead Brewing Company,American Double / Imperial IPA,8.20%,4.4,1667,57
158,Westly,Sante Adairius Rustic Ales,American Wild Ale,8.50%,4.4,226,100
159,Double Dry Hopped Sleeper Street,Trillium Brewing Company,American IPA,7.20%,4.4,638,163
160,Montmorency Vs Balaton,Jester King Brewery,American Wild Ale,6.70%,4.4,674,142
161,Samuel Adams Utopias,Boston Beer Company (Samuel Adams),American Strong Ale,29.00%,4.4,2458,141
162,Weihenstephaner Hefeweissbier,Bayerische Staatsbrauerei Weihenstephan,Hefeweizen,5.40%,4.4,8111,65
163,Epiphany,Foundation Brewing Company,American Double / Imperial IPA,8.00%,4.4,828,28
164,Bourbon Barrel Aged Dark Star: Coffee Edition,Fremont Brewing Company,Oatmeal Stout,14.50%,4.4,520,140
165,Rodenbach CaractŠre Rouge,Brouwerij Rodenbach N.V.,Flanders Red Ale,7.00%,4.4,1348,62
166,Dreadnaught IPA,Three Floyds Brewing Company,American Double / Imperial IPA,9.50%,4.4,5930,10
167,AleSmith Speedway Stout - Vietnamese Coffee,AleSmith Brewing Company,American Double / Imperial Stout,12.00%,4.4,1649,38
168,West Ashley,Sante Adairius Rustic Ales,American Wild Ale,7.30%,4.4,931,180
169,Softly Spoken Magic Spells,SingleCut Beersmiths,American Double / Imperial IPA,8.60%,4.4,519,26
170,Rare Scooop,Peg's Cantina & Brew Pub,American Double / Imperial Stout,Imperial,4.39,93,69
171,Ghost In The Machine,Parish Brewing Company,American Double / Imperial IPA,8.00%,4.39,519,174
172,Matt,Hair of the Dog Brewing Company / Brewery and Tasting Room,American Strong Ale,11.50%,4.39,826,82
173,Dusk Trill Dawn,Trillium Brewing Company,American Double / Imperial Stout,11.50%,4.39,335,144
174,Ground State - 2nd Anniversary Beer,Bottle Logic Brewing,American Double / Imperial Stout,12.50%,4.39,361,149
175,Society & Solitude #6,Hill Farmstead Brewery,American Double / Imperial IPA,8.10%,4.39,668,162
176,Double Dry Hopped Scaled,Trillium Brewing Company,American IPA,7.00%,4.39,555,162
177,Vicinity,Trillium Brewing Company,American Double / Imperial IPA,8.00%,4.39,1241,47
178,Leche Borracho,Bottle Logic Brewing,American Double / Imperial Stout,11.00%,4.39,243,131
179,Great,Alpine Beer Company,American Barleywine,14.00%,4.39,648,44
180,Nut Smasher,Willoughby Brewing,American Double / Imperial Stout,11.00%,4.39,288,148
181,Citra Showers,Noble Ale Works,American Double / Imperial IPA,8.80%,4.39,477,160
182,P‚ch‚ Mortel,Brasserie Dieu du Ciel!,American Double / Imperial Stout,9.50%,4.39,4998,11
183,Tweak,Avery Brewing Company,American Double / Imperial Stout,17.81%,4.39,2070,86
184,Stone Enjoy By IPA,Stone Brewing,American Double / Imperial IPA,9.40%,4.39,10503,6
185,Scaled Up,Trillium Brewing Company,American Double / Imperial IPA,8.00%,4.38,595,176
186,Saison Du Fermier,Side Project Brewing,Saison / Farmhouse Ale,7.00%,4.38,611,127
187,Trademark Dispute: Pallet 1,Peg's Cantina & Brew Pub,American Double / Imperial Stout,10.40%,4.38,258,127
188,Spotted Puffer,Pipeworks Brewing Company,American Double / Imperial IPA,9.50%,4.38,292,127
189,Edward,Hill Farmstead Brewery,American Pale Ale (APA),5.20%,4.38,2550,112
190,XHOPS (Gold Label),Toppling Goliath Brewing Company,American Pale Ale (APA),5.30%,4.38,383,162
191,Curiosity Twenty Seven,Tree House Brewing Company,American Double / Imperial IPA,8.00%,4.38,92,69
192,Mexican Brunch,Kane Brewing Company,American Porter,9.20%,4.38,165,69
193,Winter Ale / 5th Anniversary Ale,Kern River Brewing Company,American Double / Imperial IPA,8.00%,4.38,272,182
194,Yellow Rose,The Lone Pint Brewery,American IPA,6.80%,4.38,1564,72
195,Cascade Sang Noir,Cascade Brewing / Raccoon Lodge & Brewpub,American Wild Ale,9.50%,4.38,1592,71
196,Sure Bet,Pipeworks Brewing Company,American Double / Imperial IPA,9.50%,4.38,507,152
197,Sculpin IPA,Ballast Point Brewing Company,American IPA,7.00%,4.38,13520,64
198,Madagascar,4 Hands Brewing Company,Milk / Sweet Stout,9.30%,4.38,617,158
199,Exponential Hoppiness,Alpine Beer Company,American Double / Imperial IPA,11.00%,4.37,1292,119
200,French Vanilla Militia,Three Floyds Brewing Company,Russian Imperial Stout,Imperial,4.37,106,75
201,Double Dry Hopped Melcher Street,Trillium Brewing Company,American IPA,7.30%,4.37,720,171
202,Peche 'n Brett,Logsdon Farmhouse Ales,Saison / Farmhouse Ale,10.00%,4.37,1239,49
203,Nelson,Alpine Beer Company,American IPA,7.00%,4.37,4031,173
204,Aaron,Hill Farmstead Brewery,English Barleywine,BreweryEnglish,4.37,319,100
205,Damon (Bourbon Barrel Aged),Hill Farmstead Brewery,Russian Imperial Stout,10.50%,4.37,655,182
206,Cantillon Gueuze 100% Lambic,Brasserie Cantillon,Gueuze,5.00%,4.37,3095,154
207,Stone Enjoy By Unfiltered IPA,Stone Brewing,American Double / Imperial IPA,9.40%,4.37,1116,73
208,P‚ch‚ Mortel En F–t De Bourbon Am‚ricain,Brasserie Dieu du Ciel!,American Double / Imperial Stout,9.50%,4.37,441,181
209,Pugachev Royale,Hangar 24 Brewery,Russian Imperial Stout,14.80%,4.37,169,79
210,All Green Everything,Other Half Brewing Company,American Double / Imperial IPA,10.50%,4.37,946,23
211,Dragonsaddle,Hoof Hearted Brewing,American Double / Imperial IPA,11.20%,4.37,173,116
212,Kuhnhenn Raspberry Eisbock,Kuhnhenn Brewing Company,Eisbock,15.50%,4.37,1225,130
213,AleSmith Speedway Stout,AleSmith Brewing Company,American Double / Imperial Stout,12.00%,4.37,6605,9
214,Barrel-Aged Silhouette,Lift Bridge Brewery,Russian Imperial Stout,10.00%,4.36,338,120
215,Lumen,Grimm Artisanal Ales,American IPA,6.40%,4.36,248,120
216,Mosaic IPA,Other Half Brewing Company,American IPA,7.20%,4.36,341,120
217,Drie Fonteinen Hommage,Brouwerij Drie Fonteinen,Lambic - Fruit,6.00%,4.36,838,52
218,Grey Monday,The Bruery,American Double / Imperial Stout,19.50%,4.36,1655,35
219,The Pupil,Societe Brewing Company,American IPA,7.80%,4.36,870,184
220,Dialed In (w/ Sauvignon Blanc Juice),Trillium Brewing Company,American Double / Imperial IPA,8.50%,4.36,396,140
221,Box Set Track #10 - Bat Out Of Hell,The Lost Abbey,American Double / Imperial Stout,13.50%,4.36,965,32
222,Bourbon Barrel Oro Negro,Jackie O's Pub & Brewery,American Double / Imperial Stout,11.00%,4.36,211,106
223,Breakfast Exorcism,Clown Shoes,American Double / Imperial Stout,11.00%,4.36,319,138
224,Bourbon Barrel Black Maple,Jackie O's Pub & Brewery,American Porter,11.00%,4.36,871,181
225,Mexican Cake,Westbrook Brewing Company,American Double / Imperial Stout,10.50%,4.36,2619,104
226,Callipygian,Avery Brewing Company,American Double / Imperial Stout,17.10%,4.36,354,160
227,Tesseract,Grimm Artisanal Ales,American Double / Imperial IPA,8.00%,4.36,458,165
228,Cantillon Lou Pepe - Gueuze,Brasserie Cantillon,Gueuze,5.00%,4.36,1100,71
229,Buxton / Omnipollo Yellow Belly,Buxton Brewery,American Double / Imperial Stout,11.00%,4.36,227,132
230,ScareCity #3: High West-ified Imperial Coffee Stout,Lagunitas Brewing Company,American Double / Imperial Stout,12.10%,4.36,1327,59
231,Last Buffalo In The Park,Funky Buddha Brewery,American Double / Imperial Stout,11.50%,4.36,141,46
232,Genealogy Of Morals (Bourbon Barrel Aged),Hill Farmstead Brewery,American Double / Imperial Stout,10.70%,4.36,499,135
233,Lambo Door,Grimm Artisanal Ales,American Double / Imperial IPA,8.00%,4.36,481,187
234,Birth Of Tragedy,Hill Farmstead Brewery,American Porter,9.00%,4.35,1129,51
235,Wisconsin Belgian Red,New Glarus Brewing Company,Fruit / Vegetable Beer,4.00%,4.35,3496,191
236,Bourbon Abominable Winter Ale,Fremont Brewing Company,American Strong Ale,14.00%,4.35,1017,50
237,Magnetic Compass,Grimm Artisanal Ales,American IPA,6.40%,4.35,153,102
238,Locust Reign,New England Brewing Company,American Double / Imperial IPA,8.50%,4.35,284,114
239,Mastermind,Fiddlehead Brewing Company,American Double / Imperial IPA,8.10%,4.35,1304,39
240,Serendipity,New Glarus Brewing Company,Fruit / Vegetable Beer,4.00%,4.35,2779,92
241,Hop Venom Double IPA,Boneyard Beer Company,American Double / Imperial IPA,8.90%,4.35,901,24
242,Mind The Hop,Aslin Beer Company,American Double / Imperial IPA,9.50%,4.35,83,85
243,Live Oak HefeWeizen,Live Oak Brewing Company,Hefeweizen,5.20%,4.35,1561,128
244,Trademark Dispute: &+,Peg's Cantina & Brew Pub,American Double / Imperial Stout,10.50%,4.35,213,102
245,Victory At Sea Coffee Vanilla Imperial Porter,Ballast Point Brewing Company,American Porter,10.00%,4.35,6669,5
246,Mocha Wednesday,The Bruery,American Double / Imperial Stout,19.20%,4.35,1243,20
247,Trademark Dispute: Nooner 10,Peg's Cantina & Brew Pub,American Double / Imperial Stout,12.00%,4.35,204,89
248,Uncle Jacob's Stout,Avery Brewing Company,American Double / Imperial Stout,17.10%,4.34,2542,118
249,What Is Enlightenment?,Hill Farmstead Brewery,American Pale Ale (APA),5.40%,4.34,872,19
250,Masala Mama India Pale Ale,Minneapolis Town Hall Brewery,American IPA,6.00%,4.34,1359,159
